{"train/train_runtime": 44.5912, "train/train_samples_per_second": 137.045, "train/train_steps_per_second": 4.306, "train/total_flos": 402494136936960.0, "train/train_loss": 0.5425734122594198, "train/epoch": 3.0, "train/global_step": 192, "_timestamp": 1688757439.284308, "_runtime": 53.27366399765015, "_step": 0, "_wandb": {"runtime": 52}}