{"train/train_runtime": 43.8271, "train/train_samples_per_second": 139.434, "train/train_steps_per_second": 4.381, "train/total_flos": 402494136936960.0, "train/train_loss": 0.45793720086415607, "train/epoch": 3.0, "train/global_step": 192, "_timestamp": 1688758288.3385415, "_runtime": 52.08852243423462, "_step": 0, "_wandb": {"runtime": 51}}