{"train/train_runtime": 29.7078, "train/train_samples_per_second": 137.136, "train/train_steps_per_second": 4.309, "train/total_flos": 267896387679360.0, "train/train_loss": 0.5930073261260986, "train/epoch": 2.0, "train/global_step": 128, "_timestamp": 1688757542.838596, "_runtime": 38.214479207992554, "_step": 0, "_wandb": {"runtime": 37}}