{"train/train_runtime": 102.5481, "train/train_samples_per_second": 79.455, "train/train_steps_per_second": 2.496, "train/total_flos": 537453663895680.0, "train/train_loss": 0.40943920612335205, "train/epoch": 4.0, "train/global_step": 256, "_timestamp": 1688758825.6126156, "_runtime": 110.97803258895874, "_step": 0, "_wandb": {"runtime": 110}}