{"train/train_runtime": 41.17, "train/train_samples_per_second": 148.433, "train/train_steps_per_second": 4.664, "train/total_flos": 402494136936960.0, "train/train_loss": 0.44958452383677167, "train/epoch": 3.0, "train/global_step": 192, "_timestamp": 1688757497.7348244, "_runtime": 49.40843749046326, "_step": 0, "_wandb": {"runtime": 48}}