{"train/train_runtime": 29.2169, "train/train_samples_per_second": 139.44, "train/train_steps_per_second": 4.381, "train/total_flos": 267896387679360.0, "train/train_loss": 0.4726141393184662, "train/epoch": 2.0, "train/global_step": 128, "_timestamp": 1688758226.961601, "_runtime": 38.14677405357361, "_step": 0, "_wandb": {"runtime": 37}}