{"train/train_runtime": 45.0982, "train/train_samples_per_second": 135.504, "train/train_steps_per_second": 4.257, "train/total_flos": 402494136936960.0, "train/train_loss": 0.5736732880274454, "train/epoch": 3.0, "train/global_step": 192, "_timestamp": 1688757317.8387697, "_runtime": 53.532328605651855, "_step": 0, "_wandb": {"runtime": 53}}